DATE,DXY,VIX,ECB_RATE,AUDJPY_LOG,INT_DIFF,DXY_next,DXY_Diff,TRADE_DEFICIT,YEAR,MONTH,QUARTER
2006-01-31,99.4311,12.036,1.25,4.483019907795475,3.04,99.7695,0.0033975833961211116,11.111955239723324,2006,1,1
2006-02-28,99.7695,12.471052631578948,1.25,4.454978027533266,3.24,100.56,0.007892038895645034,11.039845107446496,2006,2,1
2006-03-31,100.56,11.69391304347826,1.5,4.432891074616509,3.09,98.1412,-0.024347306264787302,11.04127247627871,2006,3,1
2006-04-30,98.1412,11.84736842105263,1.5,4.4589963216059685,3.29,97.7705,-0.0037843624695389866,11.044568479262589,2006,4,2
2006-05-31,97.7705,14.454545454545455,1.5,4.435665666915898,3.4400000000000004,98.2483,0.004875052253027503,11.07933862154504,2006,5,2
2006-06-30,98.2483,16.918636363636363,1.75,4.442660350566612,3.24,97.9996,-0.0025345507711043154,11.06350846933288,2006,6,2
2006-07-31,97.9996,15.325999999999999,1.75,4.473999615856423,3.49,97.644,-0.0036351855270683724,11.111088766216067,2006,7,3
2006-08-31,97.644,13.351739130434783,2.0,4.4946636745993525,3.25,98.1054,0.004714199425388103,11.131328239212023,2006,8,3
2006-09-30,98.1054,12.1845,2.0,4.47770423560716,3.25,97.3901,-0.007317848155861804,11.083603020331497,2006,9,3
2006-10-31,97.3901,11.306363636363637,2.25,4.504838405022704,3.0,96.5779,-0.0083746261952692,10.994370043142297,2006,10,4
2006-11-30,96.5779,10.817619047619049,2.25,4.513474545857524,3.0,97.0312,0.004682639693035596,10.98425828974124,2006,11,4
2006-12-31,97.0312,10.9645,2.5,4.541541842513134,2.74,97.964,0.009567487973568215,11.032984624785259,2006,12,4
2007-01-31,97.964,11.0425,2.5,4.539772415801766,2.75,97.2386,-0.007432312266440416,10.968439639711603,2007,1,1
2007-02-28,97.2386,11.155263157894737,2.5,4.536741826562791,2.76,96.3183,-0.009509420073845629,10.976422994414255,2007,2,1
2007-03-31,96.3183,15.162727272727272,2.75,4.556721515503053,2.51,94.8365,-0.015503975646675624,11.037836929473661,2007,3,1
2007-04-30,94.8365,12.933000000000002,2.75,4.599612209009673,2.5,94.3215,-0.005445196845872504,11.010299465547192,2007,4,2
2007-05-31,94.3215,13.297727272727274,2.75,4.612343118885404,2.5,94.1393,-0.0019335591992093225,10.994940944005759,2007,5,2
2007-06-30,94.1393,14.947619047619046,3.0,4.651771756933623,2.25,93.4264,-0.007601639669756528,11.002049839954196,2007,6,2
2007-07-31,93.4264,17.273333333333333,3.0,4.628694526170028,2.26,93.6674,0.0025762492749014355,11.006191459107491,2007,7,3
2007-08-31,93.6674,25.02608695652174,3.0,4.548414960268652,2.0199999999999996,90.9446,-0.029499679897037855,10.954553902664966,2007,8,3
2007-09-30,90.9446,22.198947368421056,3.0,4.6230684030064,1.9400000000000004,89.1389,-0.020054702616282408,10.970918723720663,2007,9,3
2007-10-31,89.1389,19.115652173913045,3.0,4.671583358243721,1.7599999999999998,89.6212,0.005396071833523891,10.96242302405134,2007,10,4
2007-11-30,89.6212,25.58238095238095,3.0,4.5873167170479485,1.4900000000000002,89.6304,0.00010264901410175341,11.013402392708365,2007,11,4
2007-12-31,89.6304,21.651,3.0,4.585341857561641,1.2400000000000002,88.6547,-0.010945499551458782,10.973185831039595,2007,12,4
2008-01-31,88.6547,25.816190476190474,3.0,4.561473563681612,0.94,87.1654,-0.016941585416802532,11.024171134959547,2008,1,1
2008-02-29,87.1654,25.456,3.0,4.581144158680377,-0.020000000000000018,86.6881,-0.005490843718307431,11.070147821978084,2008,2,1
2008-03-31,86.6881,27.103500000000004,3.0,4.512868695535327,-0.3900000000000001,86.8907,0.0023343875174090664,11.005427631296913,2008,3,1
2008-04-30,86.8907,21.562727272727273,3.0,4.58961794439125,-0.7200000000000002,86.5504,-0.003924103764081841,11.062457760792128,2008,4,2
2008-05-31,86.5504,18.303333333333335,3.0,4.612392502160878,-1.02,86.7621,0.0024429871508257314,11.039877205538268,2008,5,2
2008-06-30,86.7621,22.11047619047619,3.0,4.620253400235348,-1.0,86.8567,0.001089743845272464,11.016807813409786,2008,6,2
2008-07-31,86.8567,24.321818181818184,3.25,4.6227757937602325,-1.2400000000000002,90.0567,0.03617983774992982,11.11228370578976,2008,7,3
2008-08-31,90.0567,20.695714285714285,3.25,4.533365296625105,-1.25,92.3773,0.025441805506330278,11.041224395888287,2008,8,3
2008-09-30,92.3773,30.23857142857143,3.25,4.427656763567902,-1.44,99.7662,0.07694817112867616,11.00695470393042,2008,9,3
2008-10-31,99.7662,61.17739130434782,3.25,4.16835792990096,-2.2800000000000002,101.6468,0.01867461040966548,11.016643566645078,2008,10,4
2008-11-30,101.6468,62.66894736842105,2.75,4.134976394662694,-2.36,98.6518,-0.02990758038069179,10.717346808258336,2008,11,4
2008-12-31,98.6518,52.405,2.0,4.149442678253519,-1.84,102.1169,0.03452175684156206,10.691194631509694,2008,12,4
2009-01-31,102.1169,44.683,1.0,4.048501999603768,-0.85,104.9284,0.02715997732370144,10.580073347296848,2009,1,1
2009-02-28,104.9284,45.57052631578947,1.0,4.138988141177604,-0.78,102.3761,-0.024624925866565266,10.267366485323363,2009,2,1
2009-03-31,102.3761,44.79545454545455,0.5,4.229186814045161,-0.32,100.1042,-0.02244164344333421,10.315365388416483,2009,3,1
2009-04-30,100.1042,38.063809523809525,0.25,4.280307979384826,-0.1,95.268,-0.04951767095194228,10.324596324632314,2009,4,2
2009-05-31,95.268,31.977999999999998,0.25,4.335630736336118,-0.07,96.3761,0.011564273035759347,10.159640257457283,2009,5,2
2009-06-30,96.3761,29.140454545454546,0.25,4.352421572612368,-0.04000000000000001,94.2526,-0.022279833412211642,10.209205987474007,2009,6,2
2009-07-31,94.2526,26.162727272727274,0.25,4.367381237475893,-0.09,94.6202,0.003892571764273888,10.413522864087675,2009,7,3
2009-08-31,94.6202,25.337142857142858,0.25,4.360940858994813,-0.09,93.1907,-0.015223052613872827,10.363251434051671,2009,8,3
2009-09-30,93.1907,24.92666666666667,0.25,4.3690170761519225,-0.1,92.6207,-0.0061352725179769155,10.470135698235682,2009,9,3
2009-10-31,92.6207,24.252272727272725,0.25,4.404202668700923,-0.13,91.3717,-0.013576856280245487,10.461931225241374,2009,10,4
2009-11-30,91.3717,23.788999999999998,0.25,4.366145138684407,-0.13,92.9124,0.01672131126268231,10.555317824459362,2009,11,4
2009-12-31,92.9124,21.239545454545453,0.25,4.425762762978717,-0.13,93.7638,0.009121740248278139,10.582180776125924,2009,12,4
2010-01-31,93.7638,20.643157894736845,0.25,4.384450868842289,-0.14,93.6602,-0.0011055148812461992,10.538581801647457,2010,1,1
2010-02-28,93.6602,22.54,0.25,4.377133733934263,-0.12,92.8987,-0.00816368695597718,10.63354508711617,2010,2,1
2010-03-31,92.8987,17.767391304347825,0.25,4.450134481308515,-0.09,92.8423,-0.0006072972766747466,10.603386885918606,2010,3,1
2010-04-30,92.8423,17.424285714285716,0.25,4.473918980331687,-0.04999999999999999,96.3062,0.03663034396702214,10.633352316031235,2010,4,2
2010-05-31,96.3062,31.9295,0.25,4.345191097724918,-0.04999999999999999,95.9934,-0.0032532597663408654,10.647517943410643,2010,5,2
2010-06-30,95.9934,29.916363636363634,0.25,4.318014908089025,-0.07,93.2793,-0.028681220818586265,10.764603783665628,2010,6,2
2010-07-31,93.2793,25.565238095238094,0.25,4.359624993615535,-0.07,94.7204,0.015331175813891379,10.636071769003747,2010,7,3
2010-08-31,94.7204,24.74590909090909,0.25,4.3165957154675745,-0.06,91.3415,-0.03632416431877458,10.728079575387694,2010,8,3
2010-09-30,91.3415,22.517619047619046,0.25,4.388541864396223,-0.06,90.0935,-0.013757209833421711,10.699484599710523,2010,9,3
2010-10-31,90.0935,20.37333333333333,0.25,4.367601896573767,-0.06,92.1494,0.022563153023910654,10.612655709150252,2010,10,4
2010-11-30,92.1494,20.095714285714287,0.25,4.385471843121921,-0.06,90.5146,-0.017900009310369204,10.564602123514762,2010,11,4
2010-12-31,90.5146,17.56954545454545,0.25,4.414812917168025,-0.07,89.694,-0.009107286465664634,10.63875987814672,2010,12,4
2011-01-31,89.694,17.3155,0.25,4.403950442048629,-0.07999999999999999,88.9391,-0.00845201134555178,10.781515512284951,2011,1,1
2011-02-28,88.9391,17.43,0.25,4.423237625525252,-0.09,88.0299,-0.010275336354082603,10.708913760562126,2011,2,1
2011-03-31,88.0299,20.723478260869566,0.25,4.4511189278849965,-0.10999999999999999,85.5999,-0.02799241457308282,10.69901079971294,2011,3,1
2011-04-30,85.5999,16.244,0.5,4.487835453578789,-0.4,86.656,0.01226214292704016,10.661602849444407,2011,4,2
2011-05-31,86.656,16.91142857142857,0.5,4.461936333502134,-0.41000000000000003,86.4786,-0.002049273363994496,10.773210648593949,2011,5,2
2011-06-30,86.4786,19.153181818181817,0.5,4.4606396438923905,-0.41000000000000003,85.7282,-0.00871515816622397,10.817415495221095,2011,6,2
2011-07-31,85.7282,19.2275,0.75,4.441541440872726,-0.6799999999999999,86.7739,0.012124058885851684,10.737917257929963,2011,7,3
2011-08-31,86.7739,35.02913043478261,0.75,4.405136287727557,-0.65,91.9998,0.05848051792824564,10.715572657167588,2011,8,3
2011-09-30,91.9998,36.53,0.75,4.318391385463366,-0.67,89.2053,-0.030845948272433813,10.679987341614616,2011,9,3
2011-10-31,89.2053,32.829047619047614,0.75,4.415535996953355,-0.6799999999999999,91.4728,0.025101205467894246,10.72566538757657,2011,10,4
2011-11-30,91.4728,31.94190476190476,0.5,4.375416737355054,-0.42,92.4262,0.010368827909451803,10.767642529989754,2011,11,4
2011-12-31,92.4262,25.047619047619047,0.25,4.368335816662818,-0.18,90.5538,-0.020466339024890732,10.809182345196879,2011,12,4
2012-01-31,90.5538,20.228,0.25,4.393277258393608,-0.16999999999999998,89.7487,-0.008930606629836586,10.822295114534558,2012,1,1
2012-02-29,89.7487,18.4205,0.25,4.470512101742016,-0.15,90.4593,0.00788648320909784,10.663825982636396,2012,2,1
2012-03-31,90.4593,16.167272727272728,0.25,4.447749380122222,-0.12,90.3634,-0.001060707632298752,10.814745641882208,2012,3,1
2012-04-30,90.3634,17.823,0.25,4.41983059952075,-0.10999999999999999,94.6856,0.04672261133514494,10.754535515348346,2012,4,2
2012-05-31,94.6856,21.001818181818184,0.25,4.3310940515379945,-0.09,92.9096,-0.01893495209344069,10.716770554336053,2012,5,2
2012-06-30,92.9096,21.13095238095238,0.25,4.4029746351914145,-0.09,92.8422,-0.0007256995943829732,10.667582359470872,2012,6,2
2012-07-31,92.8422,17.565238095238094,0.0,4.40887326716021,0.16,92.1677,-0.007291534003271403,10.655045140642496,2012,7,3
2012-08-31,92.1677,15.689565217391305,0.0,4.393401939867704,0.13,90.8342,-0.014573877130592466,10.6926264987498,2012,8,3
2012-09-30,90.8342,15.284736842105264,0.0,4.393748860140736,0.14,91.1609,0.003590210405879951,10.566020874478237,2012,9,3
2012-10-31,91.1609,16.276190476190475,0.0,4.417608282530567,0.16,91.1038,-0.0006265612800285865,10.632653209172005,2012,10,4
2012-11-30,91.1038,16.701904761904764,0.0,4.455288318469466,0.16,91.0834,-0.0002239454811893234,10.72176846385284,2012,11,4
2012-12-31,91.0834,17.307,0.0,4.5003090123049745,0.16,90.798,-0.003138311385792846,10.50050922099869,2012,12,4
2013-01-31,90.798,13.505238095238095,0.0,4.5563204720456065,0.14,92.295,0.01635270992761928,10.600004050565678,2013,1,1
2013-02-28,92.295,14.072631578947368,0.0,4.54950816258555,0.15,92.302,7.584088585796865e-05,10.621424901903293,2013,2,1
2013-03-31,92.302,13.0315,0.0,4.585081186491307,0.14,91.3741,-0.01010374124618945,10.443308713143372,2013,3,1
2013-04-30,91.3741,13.967272727272727,0.0,4.616582259855388,0.15,93.6076,0.024149508268247206,10.55807580091745,2013,4,2
2013-05-31,93.6076,13.493636363636364,0.0,4.573446922188761,0.11,94.3047,0.0074194525621065965,10.638280388314705,2013,5,2
2013-06-30,94.3047,17.2715,0.0,4.510045603959433,0.09,93.5703,-0.007818003892084615,10.446567371831451,2013,6,2
2013-07-31,93.5703,13.974545454545455,0.0,4.478382801334081,0.09,94.7541,0.012572089355648717,10.501114531238661,2013,7,3
2013-08-31,94.7541,14.21,0.0,4.470788397593847,0.08,92.9207,-0.01953867355828515,10.508267892425925,2013,8,3
2013-09-30,92.9207,14.692000000000002,0.0,4.519857561664408,0.08,92.731,-0.0020436124853277717,10.594557577300874,2013,9,3
2013-10-31,92.731,15.407826086956522,0.0,4.531636771821236,0.09,93.6291,0.009638403850313539,10.499159711712238,2013,10,4
2013-11-30,93.6291,12.924000000000001,0.0,4.537807681159419,0.08,93.5576,-0.000763943201919085,10.433615678556617,2013,11,4
2013-12-31,93.5576,14.192380952380953,0.0,4.543057786103525,0.09,95.1774,0.017165229257761924,10.423352200952788,2013,12,4
2014-01-31,95.1774,14.24095238095238,0.0,4.493382437627694,0.07,94.3879,-0.00832963168683732,10.530307947299276,2014,1,1
2014-02-28,94.3879,15.47,0.0,4.512924011322136,0.07,94.2432,-0.0015342117856808586,10.599605316540906,2014,2,1
2014-03-31,94.2432,14.836666666666666,0.0,4.559272310117448,0.08,93.8896,-0.003759051227405677,10.667559071432771,2014,3,1
2014-04-30,93.8896,14.19809523809524,0.0,4.551836369044437,0.09,93.7606,-0.0013748988311362005,10.685903975853956,2014,4,2
2014-05-31,93.7606,12.475238095238096,0.0,4.549929595478187,0.09,93.2058,-0.0059347736107465765,10.585952884749213,2014,5,2
2014-06-30,93.2058,11.541428571428572,-0.1,4.5588817778158335,0.2,94.4467,0.013225702701018575,10.568620986640875,2014,6,2
2014-07-31,94.4467,12.296363636363635,-0.1,4.559835681642628,0.19,94.7251,0.0029433583757186013,10.569648868011086,2014,7,3
2014-08-31,94.7251,13.491904761904761,-0.1,4.5765402322331985,0.19,97.5261,0.02914102189667709,10.516914889962838,2014,8,3
2014-09-30,97.5261,13.466666666666667,-0.2,4.562366458297815,0.29000000000000004,98.1163,0.0060334752631446,10.637584719425027,2014,9,3
2014-10-31,98.1163,18.058695652173913,-0.2,4.590445497908,0.29000000000000004,100.0719,0.019735417879977263,10.622960158263622,2014,10,4
2014-11-30,100.0719,13.413157894736841,-0.2,4.6168999228579475,0.29000000000000004,102.2843,0.02186726336267573,10.59182317609885,2014,11,4
2014-12-31,102.2843,16.292272727272728,-0.2,4.58449190642034,0.32,105.5884,0.03179232575942735,10.665180838131088,2014,12,4
2015-01-31,105.5884,19.1195,-0.2,4.512582504818874,0.31,105.5981,9.186193252724621e-05,10.56784938166432,2015,1,1
2015-02-28,105.5981,15.90421052631579,-0.2,4.537975553842047,0.31,107.4396,0.01728845051380805,10.43125878502826,2015,2,1
2015-03-31,107.4396,14.812727272727273,-0.2,4.516005583380238,0.31,105.312,-0.02000145643893163,10.794091177474298,2015,3,1
2015-04-30,105.312,13.494761904761905,-0.2,4.546416097383099,0.32,106.7388,0.013457355810735733,10.59252630505153,2015,4,2
2015-05-31,106.7388,13.3385,-0.2,4.553416596207184,0.32,106.5191,-0.002060416779164455,10.55846546697857,2015,5,2
2015-06-30,106.5191,14.339545454545457,-0.2,4.543994962618438,0.33,108.7819,0.021020648495815114,10.655493090102427,2015,6,2
2015-07-31,108.7819,14.352727272727272,-0.2,4.509460814517374,0.33,110.5621,0.016232393761944137,10.605098811508203,2015,7,3
2015-08-31,110.5621,19.42809523809524,-0.2,4.4554466916968085,0.34,111.3311,0.0069312901768892,10.696593183839905,2015,8,3
2015-09-30,111.3311,24.377142857142857,-0.2,4.432085279695482,0.34,110.2079,-0.010140062237495171,10.636840537810377,2015,9,3
2015-10-31,110.2079,16.789545454545454,-0.2,4.4554549384053415,0.32,112.34,0.01916140511463262,10.618224977338851,2015,10,4
2015-11-30,112.34,16.21,-0.2,4.490316642675826,0.32,113.3429,0.00888775004004401,10.60784664405992,2015,11,4
2015-12-31,113.3429,18.025454545454547,-0.3,4.4731088209148515,0.54,115.5731,0.019485493053404232,10.621400513741305,2015,12,4
2016-01-31,115.5731,23.717894736842105,-0.3,4.449620503012126,0.64,114.2418,-0.01158597542806899,10.597734128539374,2016,1,1
2016-02-29,114.2418,22.517,-0.3,4.391309416032784,0.6799999999999999,109.9191,-0.03857261410207262,10.676046472520236,2016,2,1
2016-03-31,109.9191,15.84909090909091,-0.4,4.457885610425645,0.76,108.8274,-0.009981499716382451,10.513280297700861,2016,3,1
2016-04-30,108.8274,14.300476190476191,-0.4,4.399034674470857,0.77,112.4276,0.032546317966942954,10.546603799490509,2016,4,2
2016-05-31,112.4276,14.852857142857141,-0.4,4.384587727274648,0.77,112.1618,-0.0023669872585100533,10.572137101495674,2016,5,2
2016-06-30,112.1618,17.774545454545457,-0.4,4.335703390154474,0.78,111.874,-0.0025692336520596573,10.638711939508168,2016,6,2
2016-07-31,111.874,13.1585,-0.4,4.353536723964189,0.79,112.4036,0.004722727408856763,10.594908243570373,2016,7,3
2016-08-31,112.4036,12.399565217391304,-0.4,4.353259577169737,0.8,112.2795,-0.0011046670855068455,10.600278088010873,2016,8,3
2016-09-30,112.2795,14.21952380952381,-0.4,4.351537877783522,0.8,114.0188,0.015372048747727535,10.518781293891209,2016,9,3
2016-10-31,114.0188,14.585238095238097,-0.4,4.381636270991892,0.8,117.7636,0.032315878086805215,10.55984107226706,2016,10,4
2016-11-30,117.7636,15.236190476190476,-0.4,4.43631307138838,0.81,118.3466,0.004938382033738807,10.689578478738811,2016,11,4
2016-12-31,118.3466,12.472380952380954,-0.4,4.435945766032019,0.9400000000000001,116.2241,-0.018097383253313757,10.620741808439307,2016,12,4
2017-01-31,116.2241,11.6085,-0.4,4.448098791690522,1.05,116.0032,-0.0019024470131234167,10.681802745465951,2017,1,1
2017-02-28,116.0032,11.530526315789475,-0.4,4.455849841285745,1.06,114.7938,-0.010480301474372726,10.591245235811636,2017,2,1
2017-03-31,114.7938,11.89782608695652,-0.4,4.443767785880504,1.19,114.7877,-5.314017027882879e-05,10.62434717166261,2017,3,1
2017-04-30,114.7877,13.136315789473684,-0.4,4.422465355754254,1.3,113.2956,-0.013084002959709207,10.697090741295439,2017,4,2
2017-05-31,113.2956,10.862272727272726,-0.4,4.410796618598493,1.31,111.9896,-0.011594322487661998,10.691603945686776,2017,5,2
2017-06-30,111.9896,10.513636363636364,-0.4,4.457577422610998,1.44,109.8177,-0.019584291571199557,10.659116452967368,2017,6,2
2017-07-31,109.8177,10.2645,-0.4,4.479284280570878,1.5499999999999998,109.3686,-0.004097889589509873,10.688621213708446,2017,7,3
2017-08-31,109.3686,11.975652173913044,-0.4,4.469345789295117,1.56,110.0867,0.006544408478389971,10.630818744876143,2017,8,3
2017-09-30,110.0867,10.437999999999999,-0.4,4.480850633778003,1.5499999999999998,111.8052,0.01548983410884706,10.63568716285973,2017,9,3
2017-10-31,111.8052,10.125454545454545,-0.4,4.46741828811927,1.5499999999999998,110.4648,-0.012061153094142706,10.6654142484909,2017,10,4
2017-11-30,110.4648,10.54047619047619,-0.4,4.443046002097428,1.56,110.0783,-0.0035049874213000606,10.724654087310103,2017,11,4
2017-12-31,110.0783,10.2645,-0.4,4.4781005568436525,1.7000000000000002,106.7696,-0.030518688939340857,10.74795999661981,2017,12,4
2018-01-31,106.7696,11.062380952380952,-0.4,4.479632348178068,1.81,108.3903,0.01506535979434405,10.75775393342989,2018,1,1
2018-02-28,108.3903,22.464736842105264,-0.4,4.4209379490067455,1.8199999999999998,107.4784,-0.008448704460858329,10.7937217420905,2018,2,1
2018-03-31,107.4784,19.023809523809526,-0.4,4.402659799331345,1.9100000000000001,109.3363,0.01713855634827541,10.680838004378147,2018,3,1
2018-04-30,109.3363,18.267619047619046,-0.4,4.411948283699928,2.09,111.9894,0.023975770464782775,10.743026821311144,2018,4,2
2018-05-31,111.9894,14.124545454545455,-0.4,4.41047571946497,2.1,113.2586,0.011269475710796497,10.63669643866992,2018,5,2
2018-06-30,113.2586,13.678095238095239,-0.4,4.4056739328207435,2.22,112.7299,-0.004679007689096675,10.712816487385483,2018,6,2
2018-07-31,112.7299,13.147619047619049,-0.4,4.4214437708425915,2.31,114.2755,0.013617507637696766,10.810939335743079,2018,7,3
2018-08-31,114.2755,12.54695652173913,-0.4,4.379734209073029,2.31,113.8077,-0.004102017649303132,10.805699643800724,2018,8,3
2018-09-30,113.8077,12.910526315789474,-0.4,4.4083864420881556,2.35,116.5281,0.023622263668908645,10.82466631848306,2018,9,3
2018-10-31,116.5281,19.35217391304348,-0.4,4.382248360090984,2.59,116.413,-0.0009882327280781242,10.862071196600535,2018,10,4
2018-11-30,116.413,19.38904761904762,-0.4,4.418950168059713,2.6,115.5674,-0.007290303363525007,10.80248969427274,2018,11,4
2018-12-31,115.5674,24.953157894736844,-0.4,4.347624354206185,2.67,113.5504,-0.017607118323835408,10.915033917272405,2018,12,4
2019-01-31,113.5504,19.57238095238095,-0.4,4.372699370674241,2.8,114.1991,0.0056966250575748055,10.795178167542051,2019,1,1
2019-02-28,114.1991,15.234736842105262,-0.4,4.370316614224725,2.8,115.1371,0.008180175921101051,10.769957589426328,2019,2,1
2019-03-31,115.1371,14.485238095238095,-0.4,4.364716067614548,2.81,115.3281,0.0016575174362886717,10.782159487503774,2019,3,1
2019-04-30,115.3281,12.949047619047619,-0.4,4.362150404669089,2.82,116.7273,0.012059335458806523,10.815147579225588,2019,4,2
2019-05-31,116.7273,16.721818181818183,-0.4,4.321498461331143,2.79,114.5821,-0.01854884847798909,10.840502055950259,2019,5,2
2019-06-30,114.5821,15.836000000000002,-0.4,4.325258591688139,2.78,115.4946,0.007932179003748596,10.79349590881609,2019,6,2
2019-07-31,115.4946,13.305909090909092,-0.4,4.314682902608689,2.8,118.1575,0.022794704624967726,10.787998617874257,2019,7,3
2019-08-31,118.1575,18.97909090909091,-0.4,4.270255336010493,2.53,117.9461,-0.0017907397980566778,10.79294137445669,2019,8,3
2019-09-30,117.9461,15.559000000000001,-0.5,4.289513870950093,2.54,115.9125,-0.017392144322694595,10.700994748420316,2019,9,3
2019-10-31,115.9125,15.466521739130435,-0.5,4.310159887559496,2.33,117.1204,0.010366869381371354,10.628738836996606,2019,10,4
2019-11-30,117.1204,12.5235,-0.5,4.304384150408114,2.05,114.669,-0.021152748172252666,10.565814635756187,2019,11,4
2019-12-31,114.669,13.756666666666666,-0.5,4.335917379903288,2.05,115.7345,0.009249057376974207,10.683706524927356,2019,12,4
2020-01-31,115.7345,13.94095238095238,-0.5,4.286123341512599,2.05,117.6568,0.016473137345698153,10.681940489675172,2020,1,1
2020-02-29,117.6568,19.628947368421052,-0.5,4.251689278536764,2.08,122.5301,0.040584802029549456,10.594908243570373,2020,2,1
2020-03-31,122.5301,57.73681818181819,-0.5,4.189846647853749,1.15,122.327,-0.001658927158561172,10.654290245584235,2020,3,1
2020-04-30,122.327,41.453809523809525,-0.5,4.245017229340498,0.55,120.9458,-0.01135527556903112,10.8568428285471,2020,4,2
2020-05-31,120.9458,30.897000000000002,-0.5,4.270827356569249,0.55,120.4649,-0.003984087168533374,10.89664672866686,2020,5,2
2020-06-30,120.4649,31.119545454545456,-0.5,4.307920637518209,0.58,117.2082,-0.0274065836258372,10.802855905214333,2020,6,2
2020-07-31,117.2082,26.840454545454545,-0.5,4.327146679057837,0.59,115.7586,-0.012444852303186971,10.983290720217184,2020,7,3
2020-08-31,115.7586,22.88952380952381,-0.5,4.359200489149648,0.6,116.946,0.010205301532023418,11.0323541943744,2020,8,3
2020-09-30,116.946,27.64761904761905,-0.5,4.325393847373979,0.59,116.1354,-0.0069555380054623734,10.950841633920426,2020,9,3
2020-10-31,116.1354,29.438636363636363,-0.5,4.296175157467614,0.59,113.2256,-0.02537446317781666,11.020692586561552,2020,10,4
2020-11-30,113.2256,24.9955,-0.5,4.340289351613172,0.59,111.3169,-0.01700119998776713,11.072076672887986,2020,11,4
2020-12-31,111.3169,22.37409090909091,-0.5,4.376375333610702,0.59,111.9511,0.005681080188074319,11.03372769888455,2020,12,4
2021-01-31,111.9511,24.91,-0.5,4.384083318249527,0.59,112.8306,0.007825410059273957,11.048124279515518,2021,1,1
2021-02-28,112.8306,23.140526315789476,-0.5,4.410687946913092,0.58,113.8234,0.008760545585254667,11.091788187467769,2021,2,1
2021-03-31,113.8234,21.84304347826087,-0.5,4.4332827202441925,0.5700000000000001,112.0839,-0.015400426458874763,11.092214730646498,2021,3,1
2021-04-30,112.0839,17.416190476190476,-0.5,4.43508183349583,0.5700000000000001,110.7576,-0.011903668401616994,11.083910216401804,2021,4,2
2021-05-31,110.7576,19.7605,-0.5,4.438347869010174,0.56,112.5533,0.01608285762937381,11.094055917438379,2021,5,2
2021-06-30,112.5533,16.956818181818182,-0.5,4.421765002282512,0.58,112.6714,0.0010487305417588683,11.173065496459866,2021,6,2
2021-07-31,112.6714,17.603333333333335,-0.5,4.390000632679089,0.6,113.1076,0.003863960268335203,11.14430806435553,2021,7,3
2021-08-31,113.1076,17.472727272727273,-0.5,4.3871825077875055,0.59,114.6403,0.01345982236904902,11.192554897894915,2021,8,3
2021-09-30,114.6403,19.824761904761903,-0.5,4.38940187063611,0.58,114.1349,-0.004418318263358609,11.220659569502129,2021,9,3
2021-10-31,114.1349,17.871428571428574,-0.5,4.4501119444512645,0.58,116.2071,0.0179928619594585,11.097455474520991,2021,10,4
2021-11-30,116.2071,18.50047619047619,-0.5,4.385150948917248,0.58,115.283,-0.007983969152855897,11.282568459137718,2021,11,4
2021-12-31,115.283,21.354545454545455,-0.5,4.426204033523475,0.58,115.566,0.002451820382755713,11.280211260716069,2021,12,4
2022-01-31,115.566,23.181,-0.5,4.39926971461185,0.58,115.2224,-0.002977621525775902,11.333786837278764,2022,1,1
2022-02-28,115.2224,25.748421052631578,-0.5,4.425820660331034,0.58,115.2218,-5.207334356814495e-06,11.346693769325222,2022,2,1
2022-03-31,115.2218,26.968695652173913,-0.5,4.511604898972527,0.7,119.4933,0.03640133638414117,11.506887271717895,2022,3,1
2022-04-30,119.4933,24.3735,-0.5,4.523953449412247,0.8300000000000001,118.0704,-0.011979246120084672,11.325124925928014,2022,4,2
2022-05-31,118.0704,29.313636363636363,-0.5,4.5259902160493075,1.27,120.9652,0.02422184419112959,11.31638732981699,2022,5,2
2022-06-30,120.9652,28.23318181818182,-0.5,4.5400335660250715,1.71,121.7678,0.006613051583179678,11.287090795844527,2022,6,2
2022-07-31,121.7678,24.995238095238093,0.0,4.533406962760833,1.68,123.535,0.014408564218951148,11.133069622368483,2022,7,3
2022-08-31,123.535,22.169565217391302,0.0,4.5562378287096985,2.33,127.5148,0.03170791956594898,11.111835770762712,2022,8,3
2022-09-30,127.5148,27.34181818181818,0.75,4.5342092398263345,1.81,127.6219,0.0008395499847002137,11.124037198666844,2022,9,3
2022-10-31,127.6219,30.005714285714287,0.75,4.554234953804407,2.33,123.5175,-0.03268913984363773,11.222212136233056,2022,10,4
2022-11-30,123.5175,23.29909090909091,1.5,4.538758199008815,2.28,121.4256,-0.017081116892932242,11.047678504815401,2022,11,4
2022-12-31,121.4256,21.784285714285716,2.0,4.496434034833758,2.0999999999999996,118.9802,-0.02034463682827478,11.163665816785628,2022,12,4
2023-01-31,118.9802,20.16904761904762,2.0,4.5192838123085,2.33,121.3341,0.019590804916857812,11.138959023921435,2023,1,1
2023-02-28,121.3341,20.1205,2.5,4.519384559277735,2.0700000000000003,119.3602,-0.016402085572722838,11.144785042922217,2023,2,1
2023-03-31,119.3602,21.644347826086957,3.0,4.488586930307784,1.6500000000000004,119.2248,-0.001135025374907279,10.978268107950893,2023,3,1
2023-04-30,119.2248,17.817894736842106,3.0,4.499638355656744,1.83,120.9662,0.014500381049047302,11.171983252877563,2023,4,2
2023-05-31,120.9662,17.63608695652174,3.25,4.50512434461831,1.8099999999999996,119.3606,-0.013362004478936302,11.09458786063939,2023,5,2
2023-06-30,119.3606,14.003181818181817,3.5,4.567056614127645,1.58,117.8241,-0.012956328918695567,11.084647102171804,2023,6,2
2023-07-31,117.8241,13.932380952380951,3.5,4.561083911163928,1.62,120.225,0.020172152829954028,11.0628656295268,2023,7,3
2023-08-31,120.225,15.85391304347826,3.75,4.5456942841401675,1.58,122.3077,0.017175013482094013,10.988085429818659,2023,8,3
2023-09-30,122.3077,15.173333333333332,4.0,4.5684781203093605,1.33,123.8364,0.012421339005620974,10.994823432233462,2023,9,3
2023-10-31,123.8364,18.887727272727272,4.0,4.563352612710396,1.33,120.2434,-0.029443317826729022,11.06819964290876,2023,10,4
2023-11-30,120.2434,14.01909090909091,4.0,4.582937030950951,1.33,118.4208,-0.015273639128295753,11.082957601247717,2023,11,4
2023-12-31,118.4208,12.7185,4.0,4.566639065411185,1.33,120.4331,0.016850029339087372,11.064886829303003,2023,12,4
2024-01-31,120.4331,13.388636363636364,4.0,4.569870415881139,1.33,121.1824,0.006202436533608645,11.113596492217914,2024,1,1
2024-02-29,121.1824,13.980476190476189,4.0,4.579646921001522,1.33,121.0191,-0.0013484641898980393,11.103919093985695,2024,2,1
2024-03-31,121.0191,13.7875,4.0,4.5916383218948456,1.33,122.9853,0.016116451655929554,11.101432224123721,2024,3,1
2024-04-30,122.9853,16.137727272727275,4.0,4.627356831997131,1.33,122.098,-0.007240835069019001,11.199720435287361,2024,4,2
2024-05-31,122.098,13.058695652173913,4.0,4.647982135234443,1.33,124.2103,0.017152095851532073,11.217963625865547,2024,5,2
2024-06-30,124.2103,12.667,3.75,4.676742437346083,1.58,123.6373,-0.00462381738519731,11.210359846678529,2024,6,2
2024-07-31,123.6373,14.373913043478263,3.75,4.58775267803202,1.58,122.3262,-0.010661032372832988,11.272623038565222,2024,7,3
2024-08-31,122.3262,19.312272727272727,3.75,4.592441265928829,1.58,121.2864,-0.008536556109327652,11.17344470728456,2024,8,3
2024-09-30,121.2864,17.663333333333334,3.5,4.598443109863635,1.63,124.7988,0.028548149554184513,11.308333759050546,2024,9,3
2024-10-31,124.7988,19.960869565217394,3.25,4.603060462084833,1.58,126.5798,0.014170098812986814,11.215193056664946,2024,10,4
2024-11-30,126.5798,16.015238095238097,3.25,4.58457998523734,1.3899999999999997,129.2775,0.021088317397048622,11.28667709870254,2024,11,4
2024-12-31,129.2775,15.866190476190477,3.0,4.578141633463178,1.4800000000000004,128.4828,-0.0061662134783195864,11.481930031267709,2024,12,4
2025-01-31,128.4828,16.763636363636365,3.0,4.571559853972813,1.33,128.2805,-0.0015757706951121853,11.762368142618339,2025,1,1
2025-02-28,128.2805,16.968,2.75,4.538629704932017,1.58,126.7075,-0.012337992017248159,11.693412005818454,2025,2,1
2025-03-31,126.7075,21.841428571428573,2.5,4.5377222633100365,1.83,122.5921,-0.03301869629202057,11.819350780239144,2025,3,1
2025-04-30,122.5921,31.966190476190473,2.25,4.513810499698608,2.08,121.7674,-0.006749916669522782,11.003498862117945,2025,4,2
2025-05-31,121.7674,20.46227272727273,2.25,4.530073854799221,2.08,119.4088,-0.01955976747709541,11.164275378416297,2025,5,2
2025-06-30,119.4088,18.403333333333336,2.0,4.5513784151112056,2.33,121.721,0.019178640486555754,10.961920001569505,2025,6,2
2025-07-31,121.721,16.381304347826084,2.0,4.573016760621275,2.33,120.2082,-0.012506301163558874,11.21496407422151,2025,7,3
2025-08-31,120.2082,15.75,2.0,4.565868389547649,2.33,120.1368,-0.0005941459327252102,10.933303378999149,2025,8,3
2025-09-30,120.1368,15.789090909090909,2.0,4.583613072079999,2.2199999999999998,121.3859,0.010343633429287562,10.802998284370267,2025,9,3
2025-10-31,121.3859,18.086521739130436,2.0,4.61354630812762,2.09,121.0527,-0.002748738936727486,10.345027404781282,2025,10,4
2025-11-30,121.0527,19.7695,2.0,4.628130411056477,1.88,119.7456,-0.010856495567087395,10.933571147684308,2025,11,4
2025-12-31,119.7456,15.548181818181819,2.0,4.649855938572431,1.7200000000000002,117.8996,-0.01553607756905751,11.19684391799675,2025,12,4
2026-01-31,117.8996,16.17904761904762,2.0,4.681768476152856,1.6400000000000001,117.8223,-0.0006558576252006263,10.909198424665611,2026,1,1
2026-02-28,117.8223,19.207,2.0,4.71063954072273,1.6400000000000001,121.035,0.026902202761892893,10.964346051592322,2026,2,1
